result,method
1,0--10--1
1,0--10--1
1,0--10--1
1,0--10--1
0.7,0--10--1
0.5,1--10--1
0.6,1--10--1
0.65,1--10--1
0.88,1--10--1
0.950215343,1--10--1
0.950215343,0--15--1
0.985769598,0--15--1
0.981228519,0--15--1
0.959315135,0--15--1
0.979272148,0--15--1
